label,name,notice,furigana
埋立ごみ,アイシャドウ  ,,あ
燃えるごみ,アイスクリーム（容器）  紙製,【表示   に従って指定のごみ袋に出してください。】表示のないものについては、埋立ごみへ。,あ
プラスチックごみ,アイスクリーム（容器）  プラスチック製,【表示   に従って指定のごみ袋に出してください。】表示のないものについては、埋立ごみへ。,あ
埋立ごみ,アイスノン等  ,,あ
埋立ごみ,アイス枕  ゴム製,,あ
埋立ごみ,アイライン  ,,あ
資源ごみ,アイロン  ,,あ
燃えるごみ,アイロン台  布製部分,,あ
資源ごみ,アイロン台  金属部分,,あ
埋立ごみ,アイロン台  複合品（注2）,,あ
埋立ごみ,アコーディオンカーテン  ,指定袋に入らない場合は、有料で田辺市ごみ処理場・各行政局へ｢自己搬入」されるか「特別収集」を利用できます。,あ
古紙・燃えるごみ,厚紙  ,できるだけ子供会等が行っている集団回収や市の古紙ステーションへ出してください。新聞（広告）雑誌・ダンボールの出し方,あ
燃えるごみ,油（食用油） （中身） ,新聞紙などにしみこませるか固形状にしてから出してください。,あ
資源ごみ,油（食用油） （缶・ビン） ,中身を洗って出してください。,あ
プラスチックごみ,油（食用油） （ペットボトル） プラスチック製,中身を洗って出してください。,あ
資源ごみ,編み機  ,指定袋に入らない場合は、有料で田辺市ごみ処理場・各行政局へ｢自己搬入」されるか「特別収集」を利用することができます。,あ
資源ごみ,網戸 （枠） 金属製,指定袋に入らない場合は、有料で田辺市ごみ処理場・各行政局へ｢自己搬入」されるか「特別収集」を利用できます。,あ
プラスチックごみ,網戸 （あみ) プラスチック製,,あ
燃えるごみ,荒けがま 枝の部分 木製,できるだけ、短く切ってください。,あ
資源ごみ,荒けがま 刃の部分 金属製,,あ
燃えるごみ,アルバム  ,,あ
埋立ごみ,アルバム  複合品（注2）,,あ
拠点回収・資源ごみ,アルミ （缶） 金属製,できるだけ子供会等が行っている集団回収や、公共施設に設置している資源回収ボックスへ。アルミ缶・スチール缶・無色缶・茶色ビン・その他のビンの出し方,あ
資源ごみ,アルミ （ナベ・灰皿等） 金属製,,あ
資源ごみ,アルミホイル（調理用）  金属製,,あ
資源ごみ,泡たて器  複合品（注2）,,あ
プラスチックごみ,泡たて器  プラスチック製,,あ
資源ごみ,安全ピン  ,,あ
資源ごみ,アンテナ（テレビアンテナ等）  金属製,指定袋に入らない場合は、有料で田辺市ごみ処理場・各行政局へ｢自己搬入」されるか「特別収集」を利用できます。,あ
燃えるごみ,衣装ケース  紙製,,い
資源ごみ,衣装ケース  金属製,指定袋に入らない場合は、有料で田辺市ごみ処理場・各行政局へ｢自己搬入」されるか「特別収集」を利用できます。,い
プラスチックごみ,衣装ケース  プラスチック製,指定袋に入らない場合は、有料で田辺市ごみ処理場・各行政局へ｢自己搬入」されるか「特別収集」を利用できます。,い
燃えるごみ,いす  木製,指定袋に入らない場合は、有料で田辺市ごみ処理場・各行政局へ｢自己搬入」されるか「特別収集」を利用できます。,い
資源ごみ,いす  金属製・複合品（注2）,指定袋に入らない場合は、有料で田辺市ごみ処理場・各行政局へ｢自己搬入」されるか「特別収集」を利用できます。,い
プラスチックごみ,いす  プラスチック製,指定袋に入らない場合は、有料で田辺市ごみ処理場・各行政局へ｢自己搬入」されるか「特別収集」を利用できます。,い
資源ごみ,一輪車（運搬用・遊戯用）  ,指定袋に入らない場合は、有料で田辺市ごみ処理場・各行政局へ｢自己搬入」されるか「特別収集」を利用できます。,い
資源ごみ,一灯缶  金属製,中身を抜き取って出してください。,い
燃えるごみ,糸  ,,い
プラスチックごみ,糸  ナイロン製,,い
燃えるごみ,犬小屋  木製,指定袋に入らない場合は、有料で田辺市ごみ処理場・各行政局へ｢自己搬入」されるか「特別収集」を利用できます。,い
資源ごみ,犬小屋  金属製,指定袋に入らない場合は、有料で田辺市ごみ処理場・各行政局へ｢自己搬入」されるか「特別収集」を利用できます。,い
プラスチックごみ,犬小屋  プラスチック製,指定袋に入らない場合は、有料で田辺市ごみ処理場・各行政局へ｢自己搬入」されるか「特別収集」を利用できます。,い
資源ごみ,イヤホン  ,,い
燃えるごみ,衣類  ,できるだけファスナー.ボタンは取り外してください。,い
埋立ごみ,衣類（カッパ.ヤッケ.革）  ,,い
取扱いできません,衣類乾燥機  ,家電リサイクル法に基づいた処理をしてください。（家電リサイクル法）,い
燃えるごみ,色鉛筆 （本体） 木製,,い
燃えるごみ,色鉛筆 （外箱) 紙製,,い
資源ごみ,色鉛筆 （外箱) 金属製,,い
プラスチックごみ,色鉛筆 （外箱) プラスチック製,,い
埋立ごみ,インスタントスープ（袋）  複合品（注2）,【表示  に従って指定のごみ袋に出してください。】表示のないものについては、埋立ごみへ。,い
燃えるごみ,インスタントラーメン （容器） 紙製（コーティング含む）,,い
プラスチックごみ,インスタントラーメン （容器・外袋） プラスチック製,,い
資源ごみ,インターホン  複合品（注2）,,い
プラスチックごみ,植木鉢  プラスチック,土などは取り除いて出してください。,う
埋立ごみ,植木鉢  陶器製,土などは取り除いて出してください。,う
燃えるごみ,ウエットティッシュ (中身) ,,う
プラスチックごみ,ウエットティッシュ (容器) プラスチック製,,う
資源ごみ,ウォークマン（ＣＤ・ＭＤ）  本体,,う
燃えるごみ,うちわ  紙製・木製,,う
埋立ごみ,うちわ  プラスチック・複合品（注２）,,う
資源ごみ,うどん （鍋焼き容器） アルミ製,,う
プラスチックごみ,うどん （外袋） ,【表示  に従って指定のごみ袋に出してください。】表示のないものについては、埋立ごみへ。,う
プラスチックごみ,うどんスープ（袋）  ,【表示  に従って指定のごみ袋に出してください。】表示のないものについては、埋立ごみへ。,う
資源ごみ,乳母車  ,指定袋に入らない場合は、有料で田辺市ごみ処理場・各行政局へ｢自己搬入」されるか「特別収集」を利用できます。,う
取扱いできません,エアコン(クーラー）  ,家電リサイクル法に基づいた処理をしてください。（家電リサイクル法）,え
埋立ごみ,絵の具（チューブ）  複合品（注2）,,え
プラスチックごみ,絵の具（チューブ）  プラスチック製,,え
資源ごみ,MDウォークマン（本体）  ,,え
プラスチックごみ,MDディスク (ケース) プラスチック製,,え
埋立ごみ,MDディスク （ディスク） ,,え
資源ごみ,MDプレイヤー  ,,え
有料ごみ（注1）,エレクトーン  ,田辺市ごみ処理場・各行政局へ｢自己搬入」されるか「特別収集」を利用できます。,え
資源ごみ,延長コード  複合品（注2）,,え
燃えるごみ,鉛筆  ,,え
埋立ごみ,鉛筆削り （手動） 複合品（注2）,,え
資源ごみ,鉛筆削り （電気式） ,,え
資源ごみ,オーディオ  ,指定袋に入らない場合は、有料で田辺市ごみ処理場・各行政局へ｢自己搬入」されるか「特別収集」を利用できます。,お
取扱いできません,オートバイ  ,購入店もしくは、直接、民間のリサイクル施設へ自己搬入してください。,お
資源ごみ,オーブントースター  ,指定袋に入らない場合は、有料で田辺市ごみ処理場・各行政局へ｢自己搬入」されるか「特別収集」を利用できます。,お
資源ごみ,オーブンレンジ  ,指定袋に入らない場合は、有料で田辺市ごみ処理場・各行政局へ｢自己搬入」されるか「特別収集」を利用できます。,お
燃えるごみ,桶（おけ）、樽（たる）  木製,指定袋に入らない場合は、有料で田辺市ごみ処理場・各行政局へ｢自己搬入」されるか「特別収集」を利用できます。,お
プラスチックごみ,桶（おけ）、樽（たる）  プラスチック製,指定袋に入らない場合は、有料で田辺市ごみ処理場・各行政局へ｢自己搬入」されるか「特別収集」を利用できます。,お
燃えるごみ,おたま  木製,,お
資源ごみ,おたま  金属製・複合品（注2）,,お
プラスチックごみ,おたま  プラスチック製,,お
燃えるごみ,おぼん  木製,,お
資源ごみ,おぼん  金属製,,お
プラスチックごみ,おぼん  プラスチック製,,お
燃えるごみ,オムツ  ,中の汚物等は取り除いてください。,お
資源ごみ,おもちゃ (電気式) ,指定袋に入らない場合は、有料で田辺市ごみ処理場・各行政局へ｢自己搬入」されるか「特別収集」を利用できます。,お
資源ごみ,おもちゃ (電池式) 複合品（注2）,電池は取り除いて透明なビニール袋に入れて資源ごみと一緒に出してください。,お
燃えるごみ,おもちゃ  木製,,お
プラスチックごみ,おもちゃ  プラスチック製,,お
資源ごみ,おもちゃ  複合品（注2）,,お
古紙・燃えるごみ,折り紙  紙,できるだけ子供会等が行っている集団回収や市の古紙ステーションへ出してください。（新聞（広告）雑誌・ダンボールの出し方）,お
有料ごみ（注1）,オルガン  ,田辺市ごみ処理場・各行政局へ｢自己搬入」されるか「特別収集」を利用できます。,お
資源ごみ,おろし器  金属製,,お
埋立ごみ,おろし器  陶器・複合品（注2）,,お
燃えるごみ,カーテン  ,できるだけ金具は取り除いてください。,か
資源ごみ,カーテンレール  金属製,,か
埋立ごみ,カーペット  ,指定袋に入らない場合は、有料で田辺市ごみ処理場・各行政局へ｢自己搬入」されるか「特別収集」を利用できます。,か
燃えるごみ,貝殻  ,,か
資源ごみ,懐中電灯  金属製,中身の電池は取り除いてください。（電池については、埋立ごみの日に別に透明のビニール袋に入れて出してください。）,か
埋立ごみ,懐中電灯  複合品（注2）,中身の電池は取り除いてください。（電池については、埋立ごみの日に別に透明のビニール袋に入れて出してください。）,か
埋立ごみ,カイロ(使い捨てカイロ）  ,,か
埋立ごみ,鏡  ,紙などにくるんで出してください。,か
燃えるごみ,学習机  木製,,か
資源ごみ,学習机  スチール製・複合品（注2）,,か
埋立ごみ,かさ  複合品（注2）,分解してでた金属の骨組みについては、資源ごみ袋へ出してください。,か
燃えるごみ,菓子 （外袋）  紙製,,か
プラスチックごみ,菓子 （外袋）  プラスチック製,【表示   に従って指定のごみ袋に出してください。】表示のないものについては、埋立ごみへ。,か
古紙・燃えるごみ,菓子 （外箱）  紙製,できるだけ子供会等が行っている集団回収や市の古紙ステーションへ出してください。新聞（広告）雑誌・ダンボールの出し方,か
資源ごみ,菓子 （外箱）  金属製,,か
資源ごみ,ガスコンロ  ,指定袋に入らない場合は、有料で田辺市ごみ処理場・各行政局へ｢自己搬入」されるか「特別収集」を利用できます。,か
燃えるごみ,カスタネット  木製,,か
プラスチックごみ,カスタネット  プラスチック製,,か
資源ごみ,ガステーブル  ,指定袋に入らない場合は、有料で田辺市ごみ処理場・各行政局へ｢自己搬入」されるか「特別収集」を利用できます。,か
取扱いできません,ガスボンベ  ,購入店もしくは販売店に、ご相談ください。,か
資源ごみ,ガスマット  アルミ製,,か
資源ごみ,ガス湯沸器  ,指定袋に入らない場合は、有料で田辺市ごみ処理場・各行政局へ｢自己搬入」されるか「特別収集」を利用できます。,か
資源ごみ,ガスレンジのフード  アルミ製,,か
資源ごみ,カセットコンロ （本体） ,,か
資源ごみ,カセットコンロ （ボンベ） ,中身を使い切ってから穴をあけずに出してください。,か
プラスチックごみ,カセットコンロ （テープ） ,,か
プラスチックごみ,カセットコンロ （ケース） プラスチック製,,か
埋立ごみ,カッターナイフ（本体）  複合品（注2）,紙などにくるんで出してください。,か
埋立ごみ,カッパ  ビニール・ゴム製,,か
燃えるごみ,カップ麺 （容器） 紙製（コーティング含む）,,か
プラスチックごみ,カップ麺 （容器） プラスチック製,【表示   に従って指定のごみ袋に出してください。】表示のないものについては、埋立ごみへ。,か
プラスチックごみ,カップ麺 （外袋） プラスチック製,,か
プラスチックごみ,カップ麺 （スープ袋） 複合品（注2）,【表示   に従って指定のごみ袋に出してください。】表示のないものについては、埋立ごみへ。,か
資源ごみ,家庭用ゲーム機  ,,か
燃えるごみ,蚊取り線香 (線香) ,,か
燃えるごみ,蚊取り線香 (容器) 紙製,,か
資源ごみ,蚊取り線香 (容器) 金属製,,か
資源ごみ,蚊取り線香 (電気式) ,,か
資源ごみ,金網  金属製,指定袋に入らない場合は、有料で田辺市ごみ処理場・各行政局へ｢自己搬入」されるか「特別収集」を利用できます。,か
資源ごみ,かなづち  複合品（注2）,,か
埋立ごみ,かなづち  ゴム製,,か
燃えるごみ,蟹（かに）  殻,,か
燃えるごみ,かばん  布製,,か
埋立ごみ,かばん  複合品・ナイロン製,,か
燃えるごみ,画板  木製,指定袋に入らない場合は、有料で田辺市ごみ処理場・各行政局へ｢自己搬入」されるか「特別収集」を利用できます。,か
プラスチックごみ,画板  プラスチック製,指定袋に入らない場合は、有料で田辺市ごみ処理場・各行政局へ｢自己搬入」されるか「特別収集」を利用できます。,か
資源ごみ,画びょう  ,,か
埋立ごみ,花瓶  陶器製・ガラス製,,か
資源ごみ,釜  鉄製 ・ アルミ製等,,か
資源ごみ,鎌（かま）  複合品（注2）,紙などにくるんで出してください。,か
古紙・燃えるごみ,紙  雑誌・雑紙,できるだけ子供会等が行っている集団回収や市の古紙ステーションへ出してください。新聞（広告）雑誌・ダンボールの出し方,か
古紙・燃えるごみ,紙  新聞紙・広告,できるだけ子供会等が行っている集団回収や市の古紙ステーションへ出してください。新聞（広告）雑誌・ダンボールの出し方,か
古紙・燃えるごみ,紙  ダンボール,できるだけ子供会等が行っている集団回収や市の古紙ステーションへ出してください。新聞（広告）雑誌・ダンボールの出し方,か
燃えるごみ,紙おむつ  ,中の汚物は取り除いてください。,か
資源ごみ,カミソリ  金属製,紙などにくるんで出してください。,か
埋立ごみ,カミソリ  複合品（注2）,紙などにくるんで出してください。,か
燃えるごみ,紙粘土  ,,か
燃えるごみ,ガムテープ （紙・布テープ） ,,か
埋立ごみ,ガムテープ （ビニールテープ） ,,か
資源ごみ,カメラ （本体） ,,か
プラスチックごみ,カメラ （フィルム容器・ネガ） ,,か
埋立ごみ,カメラ （使い捨て・フィルム） 複合品（注2）,,か
古紙・燃えるごみ,画用紙  ,できるだけ子供会等が行っている集団回収や市の古紙ステーションへ出してください。新聞（広告）雑誌・ダンボールの出し方,か
燃えるごみ,カラーボックス（３段ボックス）  木製,指定袋に入らない場合は、有料で田辺市ごみ処理場・各行政局へ｢自己搬入」されるか「特別収集」を利用できます。,か
資源ごみ,カラオケ （本体） ,指定袋に入らない場合は、有料で田辺市ごみ処理場・各行政局へ｢自己搬入」されるか「特別収集」を利用できます。,か
プラスチックごみ,カラオケ （テープ） ,,か
埋立ごみ,カラオケ （ディスク） ,,か
資源ごみ,カラオケ （ハンディ） ,,か
埋立ごみ,ガラス  ,紙などにくるんで出してください。,か
古紙・燃えるごみ,カレー （外箱） ,できるだけ子供会等が行っている集団回収や市の古紙ステーションへ出してください。新聞（広告）雑誌・ダンボールの出し方,か
プラスチックごみ,カレー （パック） 複合品（注2）,表示のあるものについては、プラスチックごみ袋へ。表示のないものについては、埋立ごみ袋へ。,か
埋立ごみ,簡易トイレ  ,指定袋に入らない場合は、有料で田辺市ごみ処理場・各行政局へ｢自己搬入」されるか「特別収集」を利用できます。,か
資源ごみ,換気扇 （本体） ,,か
埋立ごみ,換気扇 （フィルター） 複合品（注2）,,か
取扱いできません,乾燥機 （衣類乾燥機） ,家電リサイクル法に基づいた処理をしてください。,か
資源ごみ,乾燥機 （食器乾燥機） ,指定袋に入らない場合は、有料で田辺市ごみ処理場・各行政局へ｢自己搬入」されるか「特別収集」を利用できます。,か
埋立ごみ,乾燥剤  ,,か
拠点回収・資源ごみ,缶詰（容器）  ,できるだけ公共施設に設置している資源回収ボックスへ出してください。,か
有害ごみ,乾電池  ｱﾙｶﾘ・ﾏﾝｶﾞﾝ電池等,埋立ごみの回収日に、別に透明のビニール袋に入れて出してください。埋立ごみの袋に一緒に入れないでください。,か
資源ごみ,キーボード （パソコン等） ,指定袋に入らない場合は、有料で田辺市ごみ処理場・各行政局へ｢自己搬入」されるか「特別収集」を利用できます。,き
資源ごみ,キーボード (楽器) ,指定袋に入らない場合は、有料で田辺市ごみ処理場・各行政局へ｢自己搬入」されるか「特別収集」を利用できます。,き
埋立ごみ,キーボード (おもちゃ) 複合品（注2）,,き
資源ごみ,キーホルダー  金属製,,き
埋立ごみ,キーホルダー  複合品（注2）,,き
燃えるごみ,ギター  木製,,き
資源ごみ,ギター （エレキギター） ,指定袋に入らない場合は、有料で田辺市ごみ処理場・各行政局へ｢自己搬入」されるか「特別収集」を利用できます。,き
資源ごみ,脚立  アルミ製・鉄製,指定袋に入らない場合は、有料で田辺市ごみ処理場・各行政局へ｢自己搬入」されるか「特別収集」を利用できます。,き
資源ごみ,きゅうす  金属製,,き
埋立ごみ,きゅうす  陶器製,,き
古紙・燃えるごみ,牛乳パック  紙製,できるだけ子供会等が行っている集団回収や市の古紙ステーションへ出してください。新聞（広告）雑誌・ダンボールの出し方,き
リターナブルビン,牛乳びん  ,購入店もしくは販売店に返品していただき、再利用して下さい。（出来ない場合は資源ごみ袋へ出してください。）,き
埋立ごみ,救命胴衣  複合品（注2）,,き
燃えるごみ,鏡台 （本体・いす） 木製,指定袋に入らない場合は、有料で田辺市ごみ処理場・各行政局へ｢自己搬入」されるか「特別収集」を利用できます。,き
埋立ごみ,鏡台 （鏡部分） ,指定袋に入らない場合は、有料で田辺市ごみ処理場・各行政局へ｢自己搬入」されるか「特別収集」を利用できます。,き
埋立ごみ,霧吹き  複合品（注2）,,き
プラスチックごみ,金魚ばち  プラスチック製,,き
埋立ごみ,金魚ばち  ガラス製,,き
取扱いできません,クーラー（エアコン）  ,家電リサイクル法に基づいた処理をして下さい。,く
プラスチックごみ,クーラーバッグ  プラスチック製,,く
埋立ごみ,クーラーバッグ  複合品（注2）,,く
プラスチックごみ,クーラーボックス  プラスチック製,指定袋に入らない場合は、有料で田辺市ごみ処理場・各行政局へ｢自己搬入」されるか「特別収集」を利用できます。,く
埋立ごみ,クーラーボックス  複合品（注2）,指定袋に入らない場合は、有料で田辺市ごみ処理場・各行政局へ｢自己搬入」されるか「特別収集」を利用できます。,く
資源ごみ,空気清浄機 (電気式) ,指定袋に入らない場合は、有料で田辺市ごみ処理場・各行政局へ｢自己搬入」されるか「特別収集」を利用できます。,く
資源ごみ,空気入れ  金属製,,く
埋立ごみ,空気入れ  プラスチック・複合品（注2）,,く
資源ごみ,くぎ  ,,く
資源ごみ,くぎ抜き  金属製・複合品（注2）,,く
資源ごみ,草刈機  ,指定袋に入らない場合は、有料で田辺市ごみ処理場・各行政局へ｢自己搬入」されるか「特別収集」を利用できます。,く
資源ごみ,草刈機 （刃） 金属製,,く
プラスチックごみ,薬（錠剤）用のパック  ,【表示  に従って指定のごみ袋に出してください。】表示のないものについては、埋立ごみへ。,く
燃えるごみ,くし  木製,,く
資源ごみ,くし  金属製,,く
プラスチックごみ,くし  プラスチック製,,く
埋立ごみ,くし  複合品（注2）,,く
埋立ごみ,靴（くつ）  ,,く
埋立ごみ,口紅 (容器) ,,く
燃えるごみ,口紅 (外箱) 紙製,,く
燃えるごみ,クッション  布・綿製,,く
埋立ごみ,クッション  スポンジ,,く
埋立ごみ,靴墨（容器） (ビン) ガラス製,,く
埋立ごみ,靴墨（容器） (チューブ) プラスチック・複合品（注2）,,く
資源ごみ,靴べら  金属製,,く
プラスチックごみ,靴べら  プラスチック製,,く
燃えるごみ,熊手  木製,指定袋に入らない場合は、有料で田辺市ごみ処理場・各行政局へ｢自己搬入」されるか「特別収集」を利用できます。,く
資源ごみ,熊手  金属製・複合品（注2）,指定袋に入らない場合は、有料で田辺市ごみ処理場・各行政局へ｢自己搬入」されるか「特別収集」を利用できます。,く
埋立ごみ,クレヨン  ,,く
燃えるごみ,クレヨン (外箱) 紙製,,く
プラスチックごみ,クレヨン (外箱) プラスチック製,,く
埋立ごみ,クレパス  ,,く
燃えるごみ,クレパス (外箱) 紙製,,く
プラスチックごみ,クレパス (外箱) プラスチック製,,く
埋立ごみ,グローブ  革・ビニール製,,く
燃えるごみ,くわ  木製部分,,く
資源ごみ,くわ  金属部分,,く
燃えるごみ,軍手（ゴム付き含む）  複合品（注2）,,く
埋立ごみ,蛍光灯(電球）  ,紙などにくるんで出してください。,け
埋立ごみ,蛍光ペン  ,,け
資源ごみ,計算機（電卓）  ,,け
資源ごみ,携帯電話  （本体）,できるだけ、取扱店にお返しください。,け
埋立ごみ,携帯電話  （電池）,できるだけ、取扱店にお返しください。（埋め立てごみに出す場合、別に透明のビニール袋に入れて出してください。）,け
資源ごみ,携帯電話  （充電器）,できるだけ、取扱店にお返しください。,け
資源ごみ,計量カップ  金属製,,け
プラスチックごみ,計量カップ  プラスチック製,,け
古紙・燃えるごみ,ゲーム機 （外箱） 紙製,できるだけ子供会等が行っている集団回収や市の古紙ステーションへ出してください。新聞（広告）雑誌・ダンボールの出し方,け
埋立ごみ,ゲーム機 （カセット・CD等） ,,け
資源ごみ,ゲーム機 （本体） ,指定袋に入らない場合は、有料で田辺市ごみ処理場・各行政局へ｢自己搬入」されるか「特別収集」を利用できます。,け
埋立ごみ,消しゴム  ,,け
資源ごみ,化粧品容器  ビン製,,け
燃えるごみ,ゲタ  木製,,け
燃えるごみ,ゲタ箱  木製,指定袋に入らない場合は、有料で田辺市ごみ処理場・各行政局へ｢自己搬入」されるか「特別収集」を利用できます。,け
拠点回収・資源ごみ,ケチャップ（容器）  ビン製,できるだけ公共施設に設置している資源回収ボックスへ出してください。アルミ缶・スチール缶・無色ビン・茶色ビン・その他ビンの出し方,け
プラスチックごみ,ケチャップ（容器）  プラスチック製,容器は中を洗って出して下さい。,け
資源ごみ,血圧計  複合品（注2）,,け
資源ごみ,毛抜き  金属製・複合品（注2）,,け
埋立ごみ,玄関マット  ,指定袋に入らない場合は、有料で田辺市ごみ処理場・各行政局へ｢自己搬入」されるか「特別収集」を利用できます。,け
資源ごみ,玄関マット  金属製,指定袋に入らない場合は、有料で田辺市ごみ処理場・各行政局へ｢自己搬入」されるか「特別収集」を利用できます。,け
資源ごみ,健康器具  電気製品・機械類,指定袋に入らない場合は、有料で田辺市ごみ処理場・各行政局へ｢自己搬入」されるか「特別収集」を利用できます。,け
埋立ごみ,碁石  ,,こ
燃えるごみ,こいのぼり  布製,,こ
埋立ごみ,こいのぼり  ナイロン製,,こ
資源ごみ,工具類  金属製・複合品（注2）,,こ
資源ごみ,工具類 (電気式) ,指定袋に入らない場合は、有料で田辺市ごみ処理場・各行政局へ｢自己搬入」されるか「特別収集」を利用できます。,こ
拠点回収・資源ごみ,コーヒー （缶・ビン類）  ,できるだけ公共施設に設置している資源回収ボックスへ出してください。,こ
資源ごみ,コーヒーメーカー  ,,こ
埋立ごみ,氷まくら  ゴム製,,こ
燃えるごみ,黒板（ホワイトボード）  木製,指定袋に入らない場合は、有料で田辺市ごみ処理場・各行政局へ｢自己搬入」されるか「特別収集」を利用できます。,こ
埋立ごみ,黒板（ホワイトボード）  プラスチック・複合品（注2）,指定袋に入らない場合は、有料で田辺市ごみ処理場・各行政局へ｢自己搬入」されるか「特別収集」を利用できます。,こ
埋立ごみ,黒板消し  複合品（注2）,,こ
燃えるごみ,ゴザ  イグサ等天然素材,指定袋に入らない場合は、有料で田辺市ごみ処理場・各行政局へ｢自己搬入」されるか「特別収集」を利用できます。,こ
埋立ごみ,ゴザ  ビニール製,指定袋に入らない場合は、有料で田辺市ごみ処理場・各行政局へ｢自己搬入」されるか「特別収集」を利用できます。,こ
資源ごみ,コタツ（電気式）  ,指定袋に入らない場合は、有料で田辺市ごみ処理場・各行政局へ｢自己搬入」されるか「特別収集」を利用できます。,こ
燃えるごみ,コップ  紙製,,こ
資源ごみ,コップ  金属製,,こ
プラスチックごみ,コップ  プラスチック製,,こ
埋立ごみ,コップ  陶器・ガラス製,,こ
燃えるごみ,碁盤  木製,,こ
資源ごみ,ゴミ箱  金属製,指定袋に入らない場合は、有料で田辺市ごみ処理場・各行政局へ｢自己搬入」されるか「特別収集」を利用できます。,こ
プラスチックごみ,ゴミ箱  プラスチック製,指定袋に入らない場合は、有料で田辺市ごみ処理場・各行政局へ｢自己搬入」されるか「特別収集」を利用できます。,こ
埋立ごみ,ゴム製品  ,,こ
埋立ごみ,ゴムホース  ,できるだけ、短く切ってください。（３０センチ以下）,こ
資源ごみ,米びつ  金属製,指定袋に入らない場合は、有料で田辺市ごみ処理場・各行政局へ｢自己搬入」されるか「特別収集」を利用できます。,こ
資源ごみ,ゴルフクラブ  金属製,,こ
資源ごみ,ゴルフクラブ  カーボン製,,こ
埋立ごみ,ゴルフバッグ  複合品（注2）,指定袋に入らない場合は、有料で田辺市ごみ処理場・各行政局へ｢自己搬入」されるか「特別収集」を利用できます。,こ
埋立ごみ,ゴルフボール  ,,こ
資源ごみ,コンロ（ガス・一口）  ,指定袋に入らない場合は、有料で田辺市ごみ処理場・各行政局へ｢自己搬入」されるか「特別収集」を利用できます。,こ
埋立ごみ,サーフボード  ,指定袋に入らない場合は、有料で田辺市ごみ処理場・各行政局へ｢自己搬入」されるか「特別収集」を利用できます。,さ
燃えるごみ,座椅子・座卓  木製,指定袋に入らない場合は、有料で田辺市ごみ処理場・各行政局へ｢自己搬入」されるか「特別収集」を利用できます。,さ
埋立ごみ,座椅子・座卓  複合品（注2）,指定袋に入らない場合は、有料で田辺市ごみ処理場・各行政局へ｢自己搬入」されるか「特別収集」を利用できます。,さ
燃えるごみ,財布  布製,,さ
埋立ごみ,財布  皮製・ビニール製,,さ
埋立ごみ,サインペン  複合品（注2）,,さ
資源ごみ,竿 （物干し竿） 金属製,指定袋に入らない場合は、有料で田辺市ごみ処理場・各行政局へ｢自己搬入」されるか「特別収集」を利用できます。,さ
埋立ごみ,竿 （つり竿） 複合品（注2）,,さ
古紙・燃えるごみ,雑誌  ,できるだけ子供会等が行っている集団回収や市の古紙ステーションへ出してください。新聞（広告）雑誌・ダンボールの出し方,さ
燃えるごみ,座布団  ,,さ
燃えるごみ,皿  紙製,,さ
資源ごみ,皿  金属製,,さ
プラスチックごみ,皿  プラスチック製,,さ
埋立ごみ,皿  陶器製,,さ
埋立ごみ,サンダル  ,,さ
燃えるごみ,三段ボックス  木製,指定袋に入らない場合は、有料で田辺市ごみ処理場・各行政局へ｢自己搬入」されるか「特別収集」を利用できます。,さ
燃えるごみ,残飯  ,各種生ごみ処理機等により堆肥化してください。（ごみに出す場合は、十分水切りしてから出してください。）,さ
資源ごみ,三輪車  ,指定袋に入らない場合は、有料で田辺市ごみ処理場・各行政局へ｢自己搬入」されるか「特別収集」を利用できます。,さ
燃えるごみ,シーツ（敷布）  ,,し
資源ごみ,ＣＤ （ウォークマン） ,,し
プラスチックごみ,ＣＤ （ケース） プラスチック製,,し
埋立ごみ,ＣＤ （コンパクトディスク） ,,し
資源ごみ,ＣＤ （プレイヤー） ,指定袋に入らない場合は、有料で田辺市ごみ処理場・各行政局へ｢自己搬入」されるか「特別収集」を利用できます。,し
埋立ごみ,シート（ビニールシート）  ビニール製,,し
埋立ごみ,磁石  ,,し
燃えるごみ,下じき  紙製,,し
プラスチックごみ,下じき  ビニール製,,し
埋立ごみ,しちりん（火鉢）  ,,し
プラスチックごみ,湿気取り  プラスチック製,水は取り除いてください。,し
埋立ごみ,湿気取り  プラスチック・複合品（注2）,,し
燃えるごみ,湿布薬  ,,し
資源ごみ,自転車  ,指定袋に入らない場合は、有料で田辺市ごみ処理場・各行政局へ｢自己搬入」されるか「特別収集」を利用できます。,し
資源ごみ,自転車 (かご) 金属製,,し
プラスチックごみ,自転車 (かご) プラスチック製,,し
埋立ごみ,シャープペンシル  複合品（注2）,,し
資源ごみ,ジューサーミキサー  ,,し
埋立ごみ,ジュータン  ,指定袋に入らない場合は、有料で田辺市ごみ処理場・各行政局へ｢自己搬入」されるか「特別収集」を利用できます。,し
有料ごみ（注1）,消火器  ,田辺市ごみ処理場・各行政局へ｢自己搬入」されるか「特別収集」を利用できます。,し
燃えるごみ,定規・ものさし  木製,,し
資源ごみ,定規・ものさし  金属製,,し
プラスチックごみ,定規・ものさし  プラスチック製,,し
埋立ごみ,消臭剤（容器）  複合品（注2）,,し
埋立ごみ,浄水器  ,,し
資源ごみ,浄水器 (電気式) ,,し
取扱いできません,消毒薬容器  ,購入先にご相談をして引き取ってもらってください。,し
資源ごみ,消毒用機械 (手動式) 金属製,指定袋に入らない場合は、有料で田辺市ごみ処理場・各行政局へ｢自己搬入」されるか「特別収集」を利用できます。,し
埋立ごみ,消毒用機械 (手動式) プラスチック・複合品（注2）,指定袋に入らない場合は、有料で田辺市ごみ処理場・各行政局へ｢自己搬入」されるか「特別収集」を利用できます。,し
資源ごみ,消毒用機械 (機械式) ,指定袋に入らない場合は、有料で田辺市ごみ処理場・各行政局へ｢自己搬入」されるか「特別収集」を利用できます。,し
資源ごみ,照明器具  ,指定袋に入らない場合は、有料で田辺市ごみ処理場・各行政局へ｢自己搬入」されるか「特別収集」を利用できます。なお、蛍光灯は取り除き紙等に包んで埋立ごみに出してください。,し
燃えるごみ,食用油  ,新聞紙などにしみこませるか固形状にしてから出してください。,し
資源ごみ,除湿機  ,指定袋に入らない場合は、有料で田辺市ごみ処理場・各行政局へ｢自己搬入」されるか「特別収集」を利用できます。,し
取扱いできません,除草薬容器  ,購入先にご相談をして引き取ってもらってください。,し
燃えるごみ,食器  紙製,,し
資源ごみ,食器  金属製,,し
プラスチックごみ,食器  プラスチック製,,し
埋立ごみ,食器  陶器製,,し
資源ごみ,食器洗い乾燥機  ,指定袋に入らない場合は、有料で田辺市ごみ処理場・各行政局へ｢自己搬入」されるか「特別収集」を利用できます。,し
資源ごみ,食器乾燥機  ,指定袋に入らない場合は、有料で田辺市ごみ処理場・各行政局へ｢自己搬入」されるか「特別収集」を利用できます。,し
埋立ごみ,人工芝  ,指定袋に入らない場合は、有料で田辺市ごみ処理場・各行政局へ｢自己搬入」されるか「特別収集」を利用できます。,し
古紙・燃えるごみ,新聞紙  ,できるだけ子供会等が行っている集団回収や市の古紙ステーションへ出してください。新聞（広告）雑誌・ダンボールの出し方,し
資源ごみ,水筒  金属製,,す
プラスチックごみ,水筒  プラスチック製,,す
埋立ごみ,水筒  複合品（注2）,,す
埋立ごみ,水槽  ガラス・アクリル・複合品,指定袋に入らない場合は、有料で田辺市ごみ処理場・各行政局へ｢自己搬入」されるか「特別収集」を利用できます。,す
資源ごみ,炊飯器  ,,す
燃えるごみ,スカート  布製等,できるだけファスナー.ボタンは取り除いてください。,す
埋立ごみ,スキー板  ,指定袋に入らない場合は、有料で田辺市ごみ処理場・各行政局へ｢自己搬入」されるか「特別収集」を利用できます。,す
燃えるごみ,すだれ  かや・竹,指定袋に入らない場合は、有料で田辺市ごみ処理場・各行政局へ｢自己搬入」されるか「特別収集」を利用できます。,す
埋立ごみ,すだれ  プラスチック・複合品（注2）,指定袋に入らない場合は、有料で田辺市ごみ処理場・各行政局へ｢自己搬入」されるか「特別収集」を利用できます。,す
埋立ごみ,スタンプ  複合品（注2）,,す
埋立ごみ,スタンプ台  複合品（注2）,,す
資源ごみ,スチームアイロン  ,,す
拠点回収・資源ごみ,スチール缶  金属製,できるだけ公共施設に設置している資源回収ボックスへ出してください。,す
資源ごみ,ステレオ  ,指定袋に入らない場合は、有料で田辺市ごみ処理場・各行政局へ｢自己搬入」されるか「特別収集」を利用できます。,す
資源ごみ,ストーブ  ,指定袋に入らない場合は、有料で田辺市ごみ処理場・各行政局へ｢自己搬入」されるか「特別収集」を利用できます。,す
埋立ごみ,ストッキング  ,,す
資源ごみ,ストップウォッチ  ,,す
プラスチックごみ,ストロー  プラスチック製,,す
埋立ごみ,スニーカー  ,,す
埋立ごみ,スノーボード  ,指定袋に入らない場合は、有料で田辺市ごみ処理場・各行政局へ｢自己搬入」されるか「特別収集」を利用できます。,す
燃えるごみ,すのこ  木製,,す
埋立ごみ,すのこ  複合品（注2）,,す
資源ごみ,スピーカー  ,指定袋に入らない場合は、有料で田辺市ごみ処理場・各行政局へ｢自己搬入」されるか「特別収集」を利用できます。,す
燃えるごみ,スプーン  木製,,す
資源ごみ,スプーン  金属製,,す
プラスチックごみ,スプーン  プラスチック製,,す
資源ごみ,スプレー缶  ,中身を使い切ってから穴を開けずに出してください。,す
燃えるごみ,ズボン  布製等,できるだけファスナー.ボタンは取り除いてください。,す
プラスチックごみ,スポンジ  ,,す
資源ごみ,ズボンプレッサー  ,指定袋に入らない場合は、有料で田辺市ごみ処理場・各行政局へ｢自己搬入」されるか「特別収集」を利用できます。,す
燃えるごみ,炭  ,使用後は完全に火気を取り除いて下さい。,す
埋立ごみ,スリッパ  ,,す
燃えるごみ,生花  ,,せ
燃えるごみ,生理用品  ,,せ
プラスチックごみ,石油ポンプ （手動式） プラスチック製,,せ
埋立ごみ,石油ポンプ （電池式） 複合品（注2）,電池は抜き取って埋立ごみの回収日に別に透明の袋に入れて出してください。,せ
埋立ごみ,石鹸  ,,せ
埋立ごみ,せともの  陶器類,,せ
燃えるごみ,洗剤容器  紙製,,せ
プラスチックごみ,洗剤容器  プラスチック製,,せ
プラスチックごみ,洗濯かご  プラスチック製,,せ
取扱いできません,洗濯機  ,家電リサイクル法に基づいた処理をしてください。（家電リサイクル法）,せ
埋立ごみ,洗濯ばさみ  複合品（注2）,,せ
燃えるごみ,剪定ごみ  ,,せ
資源ごみ,扇風機  ,指定袋に入らない場合は、有料で田辺市ごみ処理場・各行政局へ｢自己搬入」されるか「特別収集」を利用できます。,せ
燃えるごみ,洗面器  木製,,せ
資源ごみ,洗面器  金属製,,せ
プラスチックごみ,洗面器  プラスチック製,,せ
燃えるごみ,造花 紙製 ,,そ
プラスチックごみ,造花 プラスチック製 ,,そ
埋立ごみ,造花 複合品（注2） ,,そ
埋立ごみ,双眼鏡 複合品（注2） ,,そ
資源ごみ,掃除機  ,指定袋に入らない場合は、有料で田辺市ごみ処理場・各行政局へ｢自己搬入」されるか「特別収集」を利用できます。,そ
資源ごみ,送風機  ,指定袋に入らない場合は、有料で田辺市ごみ処理場・各行政局へ｢自己搬入」されるか「特別収集」を利用できます。,そ
埋立ごみ,草履 （ぞうり） 複合品（注2） ,,そ
埋立ごみ,ソファー  ,指定袋に入らない場合は、有料で田辺市ごみ処理場・各行政局へ｢自己搬入」されるか「特別収集」を利用できます。,そ
埋立ごみ,体温計  水銀製,埋立ごみの回収日に、別に透明のビニール袋に入れて出してください。埋立ごみの袋に一緒に入れないでください。,た
資源ごみ,体温計 （電子） 複合品（注2）,中身の電池は抜き取ってください。,た
燃えるごみ,台所ごみ  ,各種生ごみ処理機等により堆肥化してください。（ごみに出す場合は、十分水切りしてから出してください。）,た
有料ごみ（注1）,タイヤ  ,田辺市ごみ処理場・各行政局へ｢自己搬入」されるか「特別収集」を利用できます。,た
資源ごみ,タイヤチェーン  金属製,,た
埋立ごみ,タイヤチェーン  複合品（注2）,,た
燃えるごみ,タオル  布製,,た
埋立ごみ,脱臭剤  複合品（注2）,,た
燃えるごみ,タバコ（箱・中身・吸殻）  ,,た
プラスチックごみ,たまご （パック）  プラスチック製,,た
古紙・燃えるごみ,ダンボール  ,できるだけ子供会等が行っている集団回収や市の古紙ステーションへ出してください。新聞（広告）雑誌・ダンボールの出し方,た
資源ごみ,たわし  金属製,,た
埋立ごみ,たわし  複合品（注2）,,た
燃えるごみ,タンス  木製,指定袋に入らない場合は、有料で田辺市ごみ処理場・各行政局へ｢自己搬入」されるか「特別収集」を利用できます。（特別収集を利用する場合へ）,た
資源ごみ,タイプライター  ,指定袋に入らない場合は、有料で田辺市ごみ処理場・各行政局へ｢自己搬入」されるか「特別収集」を利用できます。,た
燃えるごみ,タイツ  綿製,,た
埋立ごみ,タイツ  ナイロン製,,た
資源ごみ,体重計（ヘルスメーター）  金属製,,た
取扱いできません,単車  ,,た
資源ごみ,チェーンソー  ,指定袋に入らない場合は、有料で田辺市ごみ処理場・各行政局へ｢自己搬入」されるか「特別収集」を利用できます。,ち
埋立ごみ,地球儀  複合品（注2）,,ち
埋立ごみ,チャイルドシート  複合品（注2）,指定袋に入らない場合は、有料で田辺市ごみ処理場・各行政局へ｢自己搬入」されるか「特別収集」を利用できます。,ち
燃えるごみ,茶わん  木製,,ち
プラスチックごみ,茶わん  プラスチック製,,ち
埋立ごみ,茶わん  陶器製,,ち
プラスチックごみ,チューブ容器  プラスチック製,,ち
埋立ごみ,チューブ容器  複合品（注2）,,ち
燃えるごみ,ちょうちん  紙製,,ち
埋立ごみ,ちょうちん  複合品（注2）,,ち
燃えるごみ,調理器具  木製,,ち
資源ごみ,調理器具  金属製・複合品（注2）,,ち
プラスチックごみ,調理器具  プラスチック製,,ち
資源ごみ,貯金箱  金属製,,ち
プラスチックごみ,貯金箱  プラスチック製,,ち
埋立ごみ,貯金箱  複合品（注2）,,ち
古紙・燃えるごみ,ちらし（広告）  ,できるだけ子供会等が行っている集団回収や市の古紙ステーションへ出してください。新聞（広告）雑誌・ダンボールの出し方,ち
資源ごみ,ちりとり  金属製・複合品（注2）,,ち
プラスチックごみ,ちりとり  プラスチック製,,ち
燃えるごみ,杖  木製,,つ
資源ごみ,杖  金属製・複合品（注2）,,つ
埋立ごみ,使い捨てカイロ  ,,つ
埋立ごみ,使い捨てライター  ,中身を使い切って、出してください。,つ
燃えるごみ,机  木製,指定袋に入らない場合は、有料で田辺市ごみ処理場・各行政局へ｢自己搬入」されるか「特別収集」を利用できます。,つ
資源ごみ,机  スチール製・複合品（注2）,指定袋に入らない場合は、有料で田辺市ごみ処理場・各行政局へ｢自己搬入」されるか「特別収集」を利用できます。,つ
埋立ごみ,壷（つぼ）  陶器,,つ
資源ごみ,つめきり  金属製・複合品（注2）,,つ
埋立ごみ,釣り竿  複合品（注2）,,つ
燃えるごみ,ティーパック  ,,て
燃えるごみ,ティッシュペーパー （中身） 紙製,,て
古紙・燃えるごみ,ティッシュペーパー （外箱） 紙製,できるだけ子供会等が行っている集団回収や市の古紙ステーションへ出してください。（新聞（広告）雑誌・ダンボールの出し方）,て
プラスチックごみ,テープ（ビデオテープ等）  ,,て
燃えるごみ,テーブル  木製,指定袋に入らない場合は、有料で田辺市ごみ処理場・各行政局へ｢自己搬入」されるか「特別収集」を利用できます。,て
埋立ごみ,テーブル  複合品（注2）,指定袋に入らない場合は、有料で田辺市ごみ処理場・各行政局へ｢自己搬入」されるか「特別収集」を利用できます。,て
燃えるごみ,テーブルクロス  布製,,て
プラスチックごみ,テーブルクロス  ビニール製,,て
資源ごみ,テープレコーダー  ,指定袋に入らない場合は、有料で田辺市ごみ処理場・各行政局へ｢自己搬入」されるか「特別収集」を利用できます。,て
埋立ごみ,手鏡  ,,て
燃えるごみ,手提げかばん  布製,,て
埋立ごみ,手提げかばん  複合品（注2）,,て
燃えるごみ,手提げ袋  紙製,,て
埋立ごみ,手提げ袋  ナイロン製,,て
燃えるごみ,テニスラケット  木製,,て
埋立ごみ,テニスラケット  複合品（注2）,,て
燃えるごみ,手袋  布製・複合品（注2）,,て
埋立ごみ,手袋  ゴム製,,て
取扱いできません,テレビ （ブラウン管） ,家電リサイクル法に基づいた処理をして下さい。（家電リサイクル法）,て
,テレビ （液晶） ,,て
資源ごみ,テレビアンテナ  金属製,指定袋に入らない場合は、有料で田辺市ごみ処理場・各行政局へ｢自己搬入」されるか「特別収集」を利用できます。,て
燃えるごみ,テレビ台  木製,指定袋に入らない場合は、有料で田辺市ごみ処理場・各行政局へ｢自己搬入」されるか「特別収集」を利用できます。,て
埋立ごみ,テレビ台  複合品（注2）,指定袋に入らない場合は、有料で田辺市ごみ処理場・各行政局へ｢自己搬入」されるか「特別収集」を利用できます。,て
資源ごみ,電気 （アンカ） ,,て
埋立ごみ,電気 （カーペット） ,指定袋に入らない場合は、有料で田辺市ごみ処理場・各行政局へ｢自己搬入」されるか「特別収集」を利用できます。,て
資源ごみ,電気釜（炊飯器）  ,,て
資源ごみ,電気 （カミソリ） ,,て
資源ごみ,電気 （コード） ,,て
資源ごみ,電気 （こたつ） ,指定袋に入らない場合は、有料で田辺市ごみ処理場・各行政局へ｢自己搬入」されるか「特別収集」を利用できます。,て
資源ごみ,電気式おもちゃ  ,指定袋に入らない場合は、有料で田辺市ごみ処理場・各行政局へ｢自己搬入」されるか「特別収集」を利用できます。,て
資源ごみ,電気式蚊取り器  ,,て
資源ごみ,電気 （スタンド） ,指定袋に入らない場合は、有料で田辺市ごみ処理場・各行政局へ｢自己搬入」されるか「特別収集」を利用できます。なお、蛍光灯は取り除き紙等に包んで埋立ごみに出してください。,て
資源ごみ,電気 （ストーブ） ,指定袋に入らない場合は、有料で田辺市ごみ処理場・各行政局へ｢自己搬入」されるか「特別収集」を利用できます。,て
資源ごみ,電気 （ポット） ,,て
埋立ごみ,電気 （毛布） ,,て
埋立ごみ,電球  ,紙などにくるんで出してください。,て
有料ごみ（注1）,電子オルガン  ,田辺市ごみ処理場・各行政局へ｢自己搬入」されるか「特別収集」を利用できます。,て
資源ごみ,電子レンジ  ,指定袋に入らない場合は、有料で田辺市ごみ処理場・各行政局へ｢自己搬入」されるか「特別収集」を利用できます。,て
資源ごみ,天体望遠鏡  ,指定袋に入らない場合は、有料で田辺市ごみ処理場・各行政局へ｢自己搬入」されるか「特別収集」を利用できます。,て
資源ごみ,電卓  ,,て
有害ごみ,電池  ,埋立ごみの回収日に、別に透明のビニール袋に入れて出してください。埋立ごみの袋に一緒に入れないでください。,て
資源ごみ,電池式おもちゃ  複合品（注2）,,て
埋立ごみ,テント  ,指定袋に入らない場合は、有料で田辺市ごみ処理場・各行政局へ｢自己搬入」されるか「特別収集」を利用できます。,て
燃えるごみ,天ぷら油  ,新聞紙などにしみこませるか固形状にしてから出してください。,て
資源ごみ,電話機  ,,て
燃えるごみ,トイレ便座カバー  布製,,と
埋立ごみ,トイレ便座カバー  ビニール・ナイロン製,,と
埋立ごみ,陶器類  陶器製,,と
資源ごみ,トースター  ,,と
資源ごみ,時計 （目覚し・掛・腕） 金属製,,と
資源ごみ,時計 （目覚し・掛・柱） 複合品（注2）,,と
資源ごみ,トタン  金属製,指定袋に入らない場合は、有料で田辺市ごみ処理場・各行政局へ｢自己搬入」されるか「特別収集」を利用できます。,と
埋立ごみ,トタン  プラスチック・複合品（注2）,指定袋に入らない場合は、有料で田辺市ごみ処理場・各行政局へ｢自己搬入」されるか「特別収集」を利用できます。,と
埋立ごみ,土鍋  陶器製,,と
資源ごみ,ドライヤー  ,,と
資源ごみ,トランシーバー  複合品（注2）,,と
燃えるごみ,鳥かご  木製,,と
資源ごみ,鳥かご  金属製,,と
燃えるごみ,トレイ  紙製,,と
資源ごみ,トレイ  金属製,,と
プラスチックごみ,トレイ  プラスチック製,トレイ回収をおこなっている店舗で購入した物については、できるだけ購入店にお返しください。,と
埋立ごみ,トロフィー  複合品（注2）,,と
資源ごみ,ナイフ  金属製・複合品（注2）,紙などにくるんで出してください。,な
プラスチックごみ,ナイロン袋  ,,な
埋立ごみ,長靴  ,,な
燃えるごみ,ながもち  ,指定袋に入らない場合は、有料で田辺市ごみ処理場・各行政局へ｢自己搬入」されるか「特別収集」を利用できます。,な
プラスチックごみ,ナフタリン（防虫剤） (外袋) ,,な
埋立ごみ,ナフタリン（防虫剤） (中身) ,,な
資源ごみ,ナベ  金属製・複合品（注2）,もち手などにプラスチック等が付いていても資源ごみ袋へ出してください。,な
埋立ごみ,ナベ  陶器製,,な
埋立ごみ,ナベのふた  ガラス製,,な
燃えるごみ,生ごみ  ,各種生ごみ処理機等により堆肥化してください。（ごみに出す場合は、十分水切りしてから出してください。）,な
埋立ごみ,なわとび  ,,な
燃えるごみ,人形  布製,,に
埋立ごみ,人形  複合品(注2),,に
燃えるごみ,ぬいぐるみ  布製,,ぬ
埋立ごみ,ぬいぐるみ  複合品(注2),,ぬ
燃えるごみ,糠（ぬか）  ,,ぬ
燃えるごみ古布,布  ,できるだけ子供会・町内会等が行っている集団回収へ出してください。新聞（広告）雑誌・ダンボールの出し方,ぬ
燃えるごみ,ネクタイ  ,,ね
資源ごみ,ネクタイピン  金属製,,ね
埋立ごみ,ネクタイピン  複合品(注2),,ね
資源ごみ,ネジ  ,,ね
資源ごみ,ネックレス  金属製,,ね
埋立ごみ,ネックレス  複合品(注2),,ね
埋立ごみ,粘土  ,,ね
資源ごみ,ノート型パソコン （PCマーク無） ,,の
取扱いできません,ノート型パソコン （PCマーク有） ,パソコンリサイクルによる処理をお願いします。処理方法については、田辺市ごみ処理場へお問い合わせください。,の
資源ごみ,のこぎり  複合品（注2）,,の
資源ごみ,ハーモニカ  金属製・複合品（注2）,,は
埋立ごみ,灰  ,,は
取扱いできません,バイク  ,購入店もしくは、直接、民間のリサイクル施設へ自己搬入してください。,は
資源ごみ,灰皿  金属製,,は
埋立ごみ,灰皿  陶器製・ガラス製,,は
燃えるごみ,バインダー  紙製,,は
プラスチックごみ,バインダー  プラスチック製,,は
埋立ごみ,バインダー  複合品（注2）,,は
資源ごみ,はかり  金属製,,は
資源ごみ,はかり  複合品（注2）,,は
埋立ごみ,剥製（はくせい）  ,指定袋に入らない場合は、有料で田辺市ごみ処理場・各行政局へ｢自己搬入」されるか「特別収集」を利用できます。,は
埋立ごみ,白熱灯（電球）  ,紙などにくるんで出してください。,は
資源ごみ,バケツ  金属製,,は
プラスチックごみ,バケツ  プラスチック製,,は
資源ごみ,はさみ  金属製・複合品（注2）,紙などにくるんで出してください。,は
資源ごみ,パソコン （PCマーク無） ,指定袋に入らない場合は、有料で田辺市ごみ処理場・各行政局へ｢自己搬入」されるか「特別収集」を利用できます。,は
取扱いできません,パソコン （PCマーク有） ,パソコンリサイクルによる処理をお願いします。処理方法については、田辺市ごみ処理場へお問い合わせください。,は
埋立ごみ,バッグ  革製・ナイロン製,,は
有料ごみ（注1）,バッテリー  ,田辺市ごみ処理場・各行政局へ｢自己搬入」されるか「特別収集」を利用できます。,は
燃えるごみ,バット  木製,,は
資源ごみ,バット  金属製,,は
プラスチックごみ,バット  プラスチック製,,は
プラスチックごみ,発泡スチロール  ,,は
埋立ごみ,バトミントン (ラケット) 複合品（注2）,,は
埋立ごみ,バトミントン (球) ,,は
燃えるごみ,花 (生花) ,,は
埋立ごみ,花 (造花) 複合品（注2）,,は
燃えるごみ,花火  ,使用してから出してください。,は
プラスチックごみ,歯ブラシ  プラスチック製,,は
資源ごみ,歯ブラシ  電池式,電池は抜き取って埋立ごみの回収日に別に透明の袋に入れて出してください。,は
プラスチックごみ,歯磨き粉（容器）  プラスチック製,【表示   に従って指定のごみ袋に出してください。】表示のないものについては、埋立ごみへ。,は
埋立ごみ,歯磨き粉（容器）  複合品（注2）,【表示   に従って指定のごみ袋に出してください。】表示のないものについては、埋立ごみへ。,は
埋立ごみ,パラソル（ビーチパラソル）  ,指定袋に入らない場合は、有料で田辺市ごみ処理場・各行政局へ｢自己搬入」されるか「特別収集」を利用できます。,は
資源ごみ,針金  ,,は
燃えるごみ,ハンガー  木製,,は
資源ごみ,ハンガー  針金,,は
プラスチックごみ,ハンガー  プラスチック製,,は
埋立ごみ,ハンガー  複合品（注2）,,は
資源ごみ,ハンドクリーナー  ,指定袋に入らない場合は、有料で田辺市ごみ処理場・各行政局へ｢自己搬入」されるか「特別収集」を利用できます。,は
古紙・燃えるごみ,パンフレット  ,できるだけ子供会等が行っている集団回収や市の古紙ステーションへ出してください。新聞（広告）雑誌・ダンボールの出し方,は
有料ごみ（注1）,ピアノ （二人でさげられる物） ,田辺市ごみ処理場・各行政局へ｢自己搬入」されるか「特別収集」を利用できます。,ひ
取扱いできません,ピアノ （二人でさげられない物） ,購入店もしくは、直接、民間のリサイクル施設へ自己搬入してください。,ひ
資源ごみ,ひげ剃り  金属製,紙などにくるんで出してください。,ひ
埋立ごみ,ひげ剃り  複合品（注2）,紙などにくるんで出してください。,ひ
資源ごみ,ひげ剃り （電気製品） 複合品（注2）,,ひ
資源ごみ,ビデオカメラ  ,,ひ
プラスチックごみ,ビデオテープ  ,,ひ
資源ごみ,ビデオデッキ  ,指定袋に入らない場合は、有料で田辺市ごみ処理場・各行政局へ｢自己搬入」されるか「特別収集」を利用できます。,ひ
埋立ごみ,ビニールひも  ,できるだけ、短く切ってください。（30センチ以下）,ひ
埋立ごみ,ビニールホース  ,できるだけ、短く切ってください。（30センチ以下）,ひ
埋立ごみ,火鉢（ひばち）  陶器製・複合品（注2）,指定袋に入らない場合は、有料で田辺市ごみ処理場・各行政局へ｢自己搬入」されるか「特別収集」を利用できます。,ひ
拠点回収・資源ごみ,びん （無色） ,できるだけ公共施設に設置している資源回収ボックスへ出してください。アルミ缶・スチール缶・無色ビン・茶色ビン・その他ビンの出し方,ひ
拠点回収・資源ごみ,びん （茶色） ,できるだけ公共施設に設置している資源回収ボックスへ出してください。アルミ缶・スチール缶・無色ビン・茶色ビン・その他ビンの出し方,ひ
拠点回収・資源ごみ,びん （その他色） ,できるだけ公共施設に設置している資源回収ボックスへ出してください。アルミ缶・スチール缶・無色ビン・茶色ビン・その他ビンの出し方,ひ
リターナブルビン,びん （リターナブルビン） ,できるだけ、購入,ひ
燃えるごみ,ファイル  紙製,,ふ
資源ごみ,ファイル  金属部分,,ふ
プラスチックごみ,ファイル  プラスチック製,,ふ
埋立ごみ,ファイル  複合品（注2）,,ふ
資源ごみ,ファクシミリ  ,指定袋に入らない場合は、有料で田辺市ごみ処理場・各行政局へ｢自己搬入」されるか「特別収集」を利用できます。,ふ
埋立ごみ,ファスナー  ,,ふ
資源ごみ,ファンヒーター  ,指定袋に入らない場合は、有料で田辺市ごみ処理場・各行政局へ｢自己搬入」されるか「特別収集」を利用できます。,ふ
プラスチックごみ,フィルム （ケース・ネガ） ,,ふ
埋立ごみ,フィルム （本体） ,,ふ
古紙・燃えるごみ,封筒  ,できるだけ子供会等が行っている集団回収や市の古紙ステーションへ出してください。新聞（広告）雑誌・ダンボールの出し方,ふ
燃えるごみ,封筒 （窓付き） 複合品（注2）,,ふ
資源ごみ,フォーク  金属製・複合品（注2）,,ふ
プラスチックごみ,フォーク  プラスチック製,,ふ
燃えるごみ,服  ,できるだけファスナー.ボタンは取り除いてください。,ふ
燃えるごみ,袋  布・紙製,,ふ
プラスチックごみ,袋 (レジ袋等) プラスチック製,,ふ
資源ごみ,蓋（ふた）  金属製,,ふ
プラスチックごみ,蓋（ふた）  プラスチック製,,ふ
埋立ごみ,蓋（ふた）  複合品（注2）,,ふ
燃えるごみ,筆  木製,,ふ
埋立ごみ,筆  プラスチック・複合品（注2）,,ふ
燃えるごみ,筆箱  布製,できるだけファスナー等は取り除いてください。,ふ
資源ごみ,筆箱  金属製,,ふ
プラスチックごみ,筆箱  プラスチック製,,ふ
埋立ごみ,筆箱  複合品（注2）,,ふ
埋立ごみ,筆ペン  ,,ふ
燃えるごみ,ふとん  綿・羽毛等,指定袋に入らない場合は、有料で田辺市ごみ処理場・各行政局へ｢自己搬入」されるか「特別収集」を利用できます。,ふ
燃えるごみ,ふとんカバー  綿等,,ふ
資源ごみ,ふとん乾燥機  ,指定袋に入らない場合は、有料で田辺市ごみ処理場・各行政局へ｢自己搬入」されるか「特別収集」を利用できます。,ふ
燃えるごみ,ふとんたたき  木製,,ふ
プラスチックごみ,ふとんたたき  プラスチック製,,ふ
資源ごみ,フライパン  金属製・複合品（注2）,もち手などにプラスチック等が付いていても資源ごみ袋へ出してください。,ふ
資源ごみ,ブラインド  金属製,指定袋に入らない場合は、有料で田辺市ごみ処理場・各行政局へ｢自己搬入」されるか「特別収集」を利用できます。,ふ
埋立ごみ,ブラインド  プラスチック製,指定袋に入らない場合は、有料で田辺市ごみ処理場・各行政局へ｢自己搬入」されるか「特別収集」を利用できます。,ふ
燃えるごみ,プランター  木製,中の土は取り除いて、出してください。,ふ
プラスチックごみ,プランター  プラスチック製,中の土は取り除いて、出してください。,ふ
資源ごみ,プリンター  ,指定袋に入らない場合は、有料で田辺市ごみ処理場・各行政局へ｢自己搬入」されるか「特別収集」を利用できます。,ふ
埋立ごみ,フロッピィディスク  ,,ふ
プラスチックごみ,風呂のふた  プラスチック製,指定袋に入らない場合は、有料で田辺市ごみ処理場・各行政局へ｢自己搬入」されるか「特別収集」を利用できます。,ふ
埋立ごみ,風呂のマット  ,,ふ
資源ごみ,へアースプレー等（容器）  金属製,中身を使い切って、屋外など火気のない所で穴をあけてから出してください。,へ
プラスチックごみ,へアースプレー等（容器）  プラスチック製,,へ
プラスチックごみ,ヘアーブラシ  プラスチック製,,へ
埋立ごみ,ヘアーブラシ  複合品（注２）,,へ
燃えるごみ,ベッド  木製,指定袋に入らない場合は、有料で田辺市ごみ処理場・各行政局へ｢自己搬入」されるか「特別収集」を利用できます。,へ
資源ごみ,ベッド  金属製,指定袋に入らない場合は、有料で田辺市ごみ処理場・各行政局へ｢自己搬入」されるか「特別収集」を利用できます。,へ
拠点回収・プラスチックごみ,ペットボトル  表示ペットボトル,できるだけペットボトル店頭回収協力店か公共施設の回収ボックスへ出してください。（ペットボトルの出し方）,へ
資源ごみ,ベビーカー（乳母車）  ,指定袋に入らない場合は、有料で田辺市ごみ処理場・各行政局へ｢自己搬入」されるか「特別収集」を利用できます。,へ
プラスチックごみ,ベビーバス  プラスチック製,指定袋に入らない場合は、有料で田辺市ごみ処理場・各行政局へ｢自己搬入」されるか「特別収集」を利用できます。,へ
埋立ごみ,ベルト  ,,へ
埋立ごみ,ヘルメット  ,,へ
燃えるごみ,便座カバー  布製,,へ
埋立ごみ,便座カバー  ビニール・ナイロン製,,へ
燃えるごみ,弁当箱  紙製,,へ
資源ごみ,弁当箱  金属製,,へ
プラスチックごみ,弁当箱  プラスチック製,,へ
埋立ごみ,弁当箱  複合品（注２）,,へ
燃えるごみ,ほうき  竹製等,,ほ
プラスチックごみ,ほうき  プラスチック製,,ほ
埋立ごみ,ほうき  複合品（注2）,,ほ
埋立ごみ,芳香剤  複合品（注2）,,ほ
燃えるごみ,帽子（ぼうし）  ,,ほ
埋立ごみ,帽子（ぼうし）  革製・複合品（注2）,,ほ
古紙・燃えるごみ,包装紙  紙製,できるだけ子供会等が行っている集団回収や市の古紙ステーションへ出してください。（新聞（広告）雑誌・ダンボールの出し方）,ほ
資源ごみ,包丁  金属製・複合品（注2）,紙などにくるんで出してください。,ほ
資源ごみ,ボウル（調理器具）  金属製,,ほ
プラスチックごみ,ボウル（調理器具）  プラスチック製,,ほ
埋立ごみ,ポータブルトイレ  プラスチック・複合品（注2）,指定袋に入らない場合は、有料で田辺市ごみ処理場・各行政局へ｢自己搬入」されるか「特別収集」を利用できます。,ほ
埋立ごみ,ボール （球）  ,,ほ
埋立ごみ,ボールペン  複合品（注2）,,ほ
資源ごみ,ホーロー鍋  複合品（注2）,もち手などにプラスチック等が付いていても資源ごみ袋へ出してください。,ほ
古紙・燃えるごみ,ポスター  ,できるだけ子供会等が行っている集団回収や市の古紙ステーションへ出してください。新聞（広告）雑誌・ダンボールの出し方,ほ
埋立ごみ,ボストンバック  ,指定袋に入らない場合は、有料で田辺市ごみ処理場・各行政局へ｢自己搬入」されるか「特別収集」を利用できます。,ほ
燃えるごみ,ボタン  木製,,ほ
プラスチックごみ,ボタン  プラスチック製,,ほ
資源ごみ,ボタン  金属製,,ほ
埋立ごみ,ボタン  複合品（注2）,,ほ
資源ごみ,ホッチキス  金属製・複合品（注2）,,ほ
資源ごみ,ポット （湯沸しポット） ,,ほ
資源ごみ,ポット （魔法瓶） 複合品（注2）,,ほ
資源ごみ,ホットプレート  ,,ほ
資源ごみ,ほ乳びん  ガラス製,,ほ
プラスチックごみ,ほ乳びん  プラスチック製,,ほ
燃えるごみ,ポラロイド写真  ,,ほ
プラスチックごみ,ポリ容器  プラスチック製,中身を取り除いて出してください。,ほ
埋立ごみ,保冷剤  ,,ほ
古紙・燃えるごみ,本  ,できるだけ子供会等が行っている集団回収や市の古紙ステーションへ出してください。新聞（広告）雑誌・ダンボールの出し方,ほ
燃えるごみ,本箱  木製,指定袋に入らない場合は、有料で田辺市ごみ処理場・各行政局へ｢自己搬入」されるか「特別収集」を利用できます。,ほ
資源ごみ,本箱  金属製,指定袋に入らない場合は、有料で田辺市ごみ処理場・各行政局へ｢自己搬入」されるか「特別収集」を利用できます。,ほ
プラスチックごみ,マーガリン（容器）  ,容器は中を洗って出してください。,ま
埋立ごみ,マグネット（磁石）  ,,ま
燃えるごみ,枕  ,できるだけ、ファスナー.ボタンは取り除いてください。,ま
埋立ごみ,枕  複合品（注2）,,ま
埋立ごみ,マジックペン  ,,ま
燃えるごみ,マッチ  ,使用してから出してください。,ま
資源ごみ,マット （玄関マット） 金属製,指定袋に入らない場合は、有料で田辺市ごみ処理場・各行政局へ｢自己搬入」されるか「特別収集」を利用できます。,ま
埋立ごみ,マット （玄関マット、台所マット等） ゴム・複合品（注2）,,ま
有料ごみ（注1）,マットレス  スプリングのあるもの,田辺市ごみ処理場・各行政局へ｢自己搬入」されるか「特別収集」を利用できます。,ま
燃えるごみ,まな板  木製,,ま
プラスチックごみ,まな板  プラスチック製,,ま
埋立ごみ,魔法瓶  複合品（注2）,,ま
プラスチックごみ,マヨネーズ（容器）  プラスチック製,容器は中を洗って出してください。,ま
埋立ごみ,万年筆  ,,ま
資源ごみ,ミキサー（ジューサーミキサー）  ,,み
資源ご,ミシン  ,,み
プラスチックごみ,虫かご プラスチック製 ,,み
埋立ごみ,虫めがね  ,,み
プラスチックごみ,虫めがね プラスチック製 ,,み
燃えるごみ,毛布  ,,も
資源ごみ,餅つき機  ,指定袋に入らない場合は、有料で田辺市ごみ処理場・各行政局へ｢自己搬入」されるか「特別収集」を利用できます。,も
燃えるごみ,モップ 木製 ,,も
埋立ごみ,モップ 金属製・複合品（注2） ,,も
資源ごみ,物干し竿 金属製 ,指定袋に入らない場合は、有料で田辺市ごみ処理場・各行政局へ｢自己搬入」されるか「特別収集」を利用できます。,も
埋立ごみ,物干し台 石・セメント ,指定袋に入らない場合は、有料で田辺市ごみ処理場・各行政局へ｢自己搬入」されるか「特別収集」を利用できます。,も
資源ごみ,やかん 金属製・複合品(注2) ,もち手などにプラスチック等が付いていても資源ごみ袋へ出してください。,や
埋立ごみ,ヤッケ  ,,や
資源ごみ,湯たんぽ 金属製 ,,ゆ
プラスチックごみ,湯たんぽ プラスチック製 ,,ゆ
埋立ごみ,湯たんぽ 陶器製 ,,ゆ
埋立ごみ,湯のみ 陶器製 ,,ゆ
資源ごみ,指輪 金属製・複合品(注2) ,,ゆ
資源ごみ,湯沸し機  ,指定袋に入らない場合は、有料で田辺市ごみ処理場・各行政局へ｢自己搬入」されるか「特別収集」を利用できます。,ゆ
資源ごみ,湯沸しポット  ,,ゆ
プラスチックごみ,ヨーグルト （ふた） 複合品(注2),【表示  に従って指定のごみ袋に出してください。】表示のないものについては、埋立ごみへ。,よ
燃えるごみ,ヨーグルト （容器） 紙製,容器は中を洗って出してください。,よ
プラスチックごみ,ヨーグルト （容器） プラスチック製,容器は中を洗って出してください。,よ
埋立ごみ,ランチジャー  ,,ら
埋立ごみ,ランドセル 複合品(注2) ,,ら
資源ごみ,リール 金属製・複合品(注2) ,できるだけ糸は取り除いてください。,り
プラスチックごみ,リコーダー プラスチック製 ,,り
資源ごみ,リモコン 複合品(注2) ,,り
埋立ごみ,リュックサック 複合品(注2) ,,り
埋立ごみ,冷却剤  ,,れ
取扱いできません,冷蔵庫・冷凍庫  ,家電リサイクル法に基づいた処理をして下さい。（家電リサイクル法）,れ
プラスチックごみ,レコード  ,,れ
プラスチックごみ,レジ袋  プラスチック製,ごみ減量のため、できるだけマイバッグ等を使用してください。,れ
埋立ごみ,レジャーシート  ,,れ
古紙・燃えるごみ,レトルトパック （外箱） ,できるだけ子供会等が行っている集団回収や市の古紙ステーションへ出してください。（新聞（広告）雑誌・ダンボールの出し方）,れ
プラスチックごみ,レトルトパック （袋） 複合品(注2),【表示  に従って指定のごみ袋に出してください。】表示のないものについては、埋立ごみへ。,れ
資源ごみ,レンジ  ,指定袋に入らない場合は、有料で田辺市ごみ処理場・各行政局へ｢自己搬入」されるか「特別収集」を利用できます。,れ
資源ごみ,レンジフード  アルミ製,,れ
燃えるごみ,ローソク  ,,ろ
燃えるごみ,ロープ 綿製 ,できるだけ、短く切ってください。（30センチ以下）,ろ
埋立ごみ,ロープ ナイロン製 ,できるだけ、短く切ってください。（30センチ以下）,ろ
資源ごみ,ローラースケート 金属製 ,,ろ
埋立ごみ,ローラースケート 複合品(注2) ,,ろ
埋立ごみ,輪ゴム  ,,わ
燃えるごみ,綿  ,,わ
資源ごみ,ワープロ  ,指定袋に入らない場合は、有料で田辺市ごみ処理場・各行政局へ｢自己搬入」されるか「特別収集」を利用できます。,わ
燃えるごみ,割り箸 木製 ,,わ
